title,neighborhood,price per square foot
Comfort & Convenience At an Affordable Price,foster city,3.3046357615894038
"$250 Visa Gift Card! Brand new flooring, appliances and so much more!",palo alto,6.0835214446952595
"Sunny 2 bed/2 bath Spacious Condo, personal washer & dryer",brisbane,2.536231884057971
BOTTOM FLOOR ONE BEDROOM! PG&E IS INCLUDED! $199 DEPOSIT!,san mateo,3.2485207100591715
Elegant Three Bd. W/ Unique Wood-Burning Fireplace & Lakefront View!!,santa clara,2.8681898066783833
Welcome Home! Warmth and convenience all in one.,san jose south,2.4330900243309004
Luxury Townhome!Located Next To Everything!Limited Availability Hurry!,sunnyvale,3.3712660028449504
Gorgeous one BR with in-unit W/D,SOMA - south beach,4.209302325581396
Special Price For this Spacious Two Bedroom Cottage with huge patio,dublin - pleasanton - livermore,3.1839622641509435
Sit Back and Relax In This Wonderful Two Bedroom!,concord - pleasant hill - martinez,2.3336604514229635
Newly Renovated 1 Bedroom 1 Bath!2nd Floor w/BAY VIEW!,hercules pinole san pablo el sob,2.5104895104895104
Located in the Heart of Corte Madera / Georgeous Apartments,corte madera,2.8043052837573383
"Sunnyvale 3/1.5bath, upgraded, conv. location",Fair Oaks & Olive,2.245833333333333
"Exec worthy condo, pool, gym & billiards- walk to shops!",burlingame,2.4375
Bristol Commons Is Your New Home!!!,sunnyvale,2.671818181818182
Lovely Renovated 1 BD 1 BTH In An Astounding Location! ,sunnyvale,2.6907894736842106
" Available Now!!! High Ceilings, FirePlace Corner Unit",sunnyvale,2.7588105726872247
"TopFlr w Gorgeous View in Safe Neighborhd Norbert, SBayCoBusStp, MUNI ",glen park,3.1
"2 Bed on Top floor with a cozy fireplace, pet approved home!",fremont - union city - newark,2.4613095238095237
♦COME AND SEE WHAT YOU HAVE BEEN MISSING♦,fremont - union city - newark,2.3418367346938775
Chic Remodeled 2BD 1 BTH End Suite Nov. Rent Free Upon Credit Approval,sunnyvale,2.573529411764706
"Reserve Now! Nice 2 Bedroom, 2 Bathroom Available",santa clara,2.362689393939394
"2X2 SPECIALSSSS!! Vaulted Ceilings,Fireplace,W/D,AC/HEAT. PETS OK!!",cupertino,2.7824858757062145
Your new home awaits you,dublin - pleasanton - livermore,2.3438556933483654
"2 Bedrooms Available NOW Full Size Wash/Dryer, Home Alarm + more!",fairfield - vacaville,1.446774193548387
A Unique One Bedroom Layout! Very Open and Inviting!,hayward - castro valley,2.7353463587921847
We have a GREAT Apartment waiting for you!! Come see today!,menlo park,3.179376083188908
"Tennis Court, 7 Pools, & Driving Range at This Two Bedroom Apartment",cupertino,3.1693121693121693
"5Br.-3Ba. Great house, location, floor plan and great schools...",san jose north,1.494956772334294
STUNNING 5 Bedroom House in Beautiful Saratoga ~ A Must see!,saratoga,1.735330836454432
Great Energy Modern Home,concord - pleasant hill - martinez,1.5208574739281575
Great Location! Great Two Bedroom Apt.!Washer&Dryer!,walnut creek,2.1055555555555556
Available Immediately! ,fremont - union city - newark,2.3553299492385786
ST HELENA WOODED HILLSIDE SETTING IN TOWN,napa county,1.5178571428571428
3BEDROOM 1BATH TOWNHOME W/ PATIO! PG&E INCLUDED! $199 DEPOSIT!,san mateo,2.595895816890292
"Professionally Remodeled Home, 3br 2ba * cul-de-sac Professionally Red",redwood city,0.6895687061183551
BREATHTAKING WIDE WATER VIEWS - 2 huge master suites!!,foster city,2.245789145352464
Furnished Turnkey Unit in Downtown Los Gatos,los gatos,6.0625
Charming Los Gatos 2 Bedroom on Loma Alta!,los gatos,2.942105263157895
Well Maintained Spacious 2 Br/1Ba Flat with City Light View,excelsior - outer mission,2.6529108327192334
3 bedroom home for rent,san leandro,1.9285714285714286
Month to Month No Lease,san rafael,1.8125
** CHARMING REMODELED 2BD/2BA NEAR HISTORIC DOWNTOWN **,larkspur,3.05
Enhance Your Surroundings in Your New 2B/2BA Home at Pescadero! Comin,redwood shores,2.6034172661870505
Two Bedroom One Bath - Check This Out! Available December 15,millbrae,3.0833333333333335
"Lease Your New Home Today! Great location, close to Levi's Stadium ",santa clara,2.2565789473684212
GREAT Saratoga 3-Bedroom House with 3 Full Bathrooms,saratoga,1.7135362014690452
Move In Now - Be Home for the Holiday's ,san jose north,2.2008695652173915
"Convenient Access, Fitness Ctr, Personal Trainer, Public Transport",financial district,4.00990916597853
Adams Pt. 1 bdrm! Great location!,oakland lake merritt - grand,1.910179640718563
Spacious living & corner apt : eat-in kitchen : Laundry & POOL,hercules pinole san pablo el sob,1.840599455040872
Great Features - Price - Location - Spacious Large Townhome,hercules pinole san pablo el sob,1.5116279069767442
Tree house in San Anselmo ,san anselmo,2.56
Some Utilities Included! 1B/1B Townhome Available For Rent! ,napa county,1.8478260869565217
Lakeport Solar Home for Rent,lake county,0.7317073170731707
Brand New Apartment Homes! ,san bruno,4.842105263157895
Extra large 2bd/2ba unit near Downtown ,los altos,1.9666666666666666
"Located near Apple Shuttle, Renovated, Wd Floors, WD in unit",san jose west,2.566666666666667
~*~*~ Fall In Love With Our Community and Downtown Sunnyvale ~*~*~,sunnyvale,2.6836917562724016
Beautiful!! FULLY RENOVATED **OPEN HOUSE Sat. Nov. 15th 12pm-3pm**,haight ashbury,3.823529411764706
Ideal corner apartment :: Spacious living area and a Relaxing POOL,hercules pinole san pablo el sob,1.836734693877551
3BD/2BA Apartment with Quartz Countertops,fremont - union city - newark,1.9893939393939395
2ba Luxury Apartment - Finest Location in Napa,napa county,1.90552016985138
Don't wait! These spacious apartment homes are going fast!,petaluma,2.063341250989707
Napa*Huge*5 Bed*loft*$3495 a month,napa county,0.9985714285714286
2 Bedroom Townhome Apartment Available Now. Enclosed Back Patio!,san mateo,2.9107332624867164
THIS IS YOUR NEW HOME!! Updated Large 4 bedrooms/2.5 baths,foster city,1.8636363636363635
Spacious 1 bedroom! Private patio and walk in closet! ,san bruno,2.9354375896700144
Downstairs 1B1B with a full size Washer & Dryer!! Move-in Now!!!,cupertino,3.291012838801712
Large Home across from Golf Course! Near 85 and 101 in Santa Teresa!,san jose south,1.469961653174265
Two Bedroom With Walk-In-Closet And Washer & Dryer!,san jose west,2.719406674907293
"Spacious 2x1, Top Floor, Beautiful View of the Creek! Available NOW!!",walnut creek,1.937
Don't Wait Call Us Today!! Ask About #501.,fremont - union city - newark,2.8525
Charming Ross Home on Shady Lane --PRANDI,kentfield - ross,3.5714285714285716
$750 Off On First Month's Rent /Remodeled,petaluma,1.75
Newly updated 3 bed 2 bath single family home,palo alto,3.769230769230769
Available mid-Nov! 1BR Townhome w/ Private Patio! Near PA & MV,los altos,3.74375
"$2,145 808 SQ FT WITH FREE PARKING! CALL NOW!",san jose downtown,2.6547029702970297
"1 MONTH FREE! 2br/1.5ba Townhouse, Washer/Dryer, Los Gatos Schools",los gatos,2.2222222222222223
Large Townhouse Ready Now Near Apple Cupertino Schools Pool Spa,sunnyvale,2.631818181818182
"Westwood Park 3 Bedrm,1.5 Bath ",ingleside - SFSU - CCSF,2.3157894736842106
Woodburning Fireplace in This Huge One Bedroom Apartment Home,fairfield - vacaville,1.7675675675675675
"Affordable Two Bedroom Near Public Transportation, Shopping and Dining",walnut creek,2.176
Beautiful 4/3 Home in Brentwood & Close to Hwy-4 Bypass & Excellent Scho,brentwood - oakley,1.0401548137397194
Sophisticated City Living,tiburon - belvedere,3.1944444444444446
SPECTACULAR WATER VIEWS AVAILABLE,tiburon - belvedere,3.007079646017699
Close to University of California San Francisco,pacifica,2.942857142857143
"Top floor condo, centrally located to downtown, BART, SFO, convenience",millbrae,3.2724719101123596
This Gorgeous Studio Is near the Best of Palo Alto & Mountain View,mountain view,4.047169811320755
Enjoy up to 6 weeks free! Brand new resort-style community,san jose north,3.425925925925926
2x2 Large Apartment ,ingleside - SFSU - CCSF,3.026605504587156
Large 2bd/bath Heart of Mission Furnished Short Term Sublet,mission district,2.8
Last 2 bedroom Available for IMMEDIATE move in!,alameda,1.8974358974358974
SPECTACULAR WATER VIEWS AVAILABLE,tiburon - belvedere,3.007079646017699
SPECTACULAR WATER VIEWS AVAILABLE,tiburon - belvedere,3.095575221238938
Huge & Bright 1x1 Top Floor! One Month Free Rent,san mateo,3.639344262295082
BRAND NEW 2 BED 2 BATH CUPERTINO SCHOOLS NEAR APPLE CUPERTINO ,cupertino,2.895
SHORT LEASE Brand New NEAR APPLE POOL Cupertino Schools,sunnyvale,3.5833333333333335
End Unit Sausalito Townhouse with Expansive Views --PRANDI,sausalito,2.4205748865355523
PENDING! Updated 2 Bedroom Condo In Terra Linda --PRANDI,san rafael,2.13091922005571
Close to Everything but Far From Ordinary ... Pescadero Apts.,redwood shores,2.6034172661870505
Amazing HUGE 3 bd,san mateo,1.84375
Stylish Interiors in Prestigious Neighborhood,sunnyvale,3.07
Awesome and Spacious 1BR/1BA at a beautiful community!!!,san jose south,2.7037037037037037
"Convenient location, spacious floor plan and a beautiful views",sunnyvale,2.7755555555555556
Delightful 3 Bedroom Home with Hardwood Flooring & Yard! --PRANDI,san anselmo,1.7727272727272727
"Stunning Quality First Time Rental, A Must See! --PRANDI",mill valley,2.675675675675676
Beautiful One Bed / One Bath Available Now. We Pay Gas & Electricity!,san mateo,3.1508875739644973
Citihomes East Town house,foster city,2.6016260162601625
"We pay for water, garbage and sewer.",san jose south,2.4642857142857144
"$500.00 Off Select 2 Bedroom, 1 Bath, Ready for Move In Now, Pool, Pet",milpitas,2.5609756097560976
159 Panama Street,ingleside - SFSU - CCSF,3.1818181818181817
$1800 - 2Bedroom/2.5Bath Gated Townhouse in Convenient Location ,hercules pinole san pablo el sob,1.6216216216216217
A Must See! Towpath Village- Napa,napa county,1.8530559167750325
Cozy In-Law in Vallemar!,pacifica,4.375
One Bedroom One Bath With Private Yard!,palo alto,3.0692307692307694
Ah! this spacious 1x1 is ready for move-in now. Inquire today!,san jose north,2.621359223300971
"423 34th Avenue, #3",richmond - seacliff,3.6
See Whats Exciting and New At Sofi Dublin! 2x2 With Washer And Dryer,dublin - pleasanton - livermore,2.4239130434782608
****2BR/2B Condo for rent****,oakland hills - mills,2.132680320569902
Beautiful One Bedroom Apt.! Washer&Dryer! Call Today!,walnut creek,3.2916666666666665
Live a Life of Luxury with Two Master Bedrooms!,rohnert pk - cotati,1.7978260869565217
Sunny Hamilton home,novato,1.7196531791907514
$2000 OFF!!! Relax In Our Waterfront Community!,foster city,2.7847619047619045
A Magnificent Studio Located on the Top Floor with Washer and Dryer,belmont,4.14
Condo style living @ Willow Lake!,san jose north,2.7172131147540983
Large Upstairs One Bedroom Available 12/23!!,campbell,2.730769230769231
"27th floor ONE BEDROOM Downtown/Bay Views, Washer/Dryer in Unit",downtown - civic - van ness,5.18202502844141
Exceptional 2BR/2BA Apartment!,vallejo - benicia,2.1928020565552697
"Beautiful remodeled home in Old Palo Alto, immediate move in",palo alto,3.3125
Large 2 Bed/1 Bath Apartment Available Now. New Doggie Park Now Open!,san mateo,2.808628318584071
Like What You See?? Then Pick Up The Phone & Give Us A Call!!,belmont,2.5810526315789475
Looking to move this weekend? CALL NOW!!,san jose downtown,2.5
"$800 move-in bonus, Close to Apple, ebay etc. W/D, spa, sauna, gym",santa clara,2.306603773584906
"Beautiful home, french doors in the master suite",Lodi,0.8858413639733136
Newly updated home,Oakdale,0.9843982169390788
Charming westside cottage,petaluma,2.230769230769231
****BEAUTIFUL MEDITERRANEAN. ****,san anselmo,2.5870588235294116
"Pacifica duplex, Ocean Views 2 BD/2 BTH BIG garage! Great location!",pacifica,2.9
1 Bedroom or Studio - Downtown,los gatos,2.88
"Cahill Park 793 sq ft 1BD - walk in closet, central A/C heat, & W/D",san jose downtown,2.862547288776797
"Large Single Story Home, garage, bkyd, hdwd, W/D ",oakland north - temescal,2.1032028469750887
Newer Designer Large Home-lowered price :),santa rosa,1.2857142857142858
"After a Hectic Day, Come Home to Tranquility at Pescadero.",redwood shores,3.358008075370121
Large 1 Bedroom/1 Bath Aparment Available! Dogs Love Us!,san mateo,2.662404092071611
Abundant Savings! 2 Bedroom Townhome starting at $2685!!!!,san jose downtown,2.554709800190295
Chic Urban One Bedroom!,san jose downtown,2.4375
Nob Hill Furnished STUDIO,nob hill,6.857142857142857
3 bedroom/ 2 bath,twin peaks - diamond hts,3.960474308300395
Now leasing for immeidate and December Move Ins,alameda,2.5694444444444446
"2 Bd-2.5 Bath ""Redwood Glen"" Townhouse, Castro Valley",hayward - castro valley,2.0496535796766744
Townhouse with a View,rohnert pk - cotati,1.3869565217391304
3/2 Professionally Landscaped See Photos,half moon bay,0.7670454545454546
Pet Friendly Property! Large 3x2 w/ Ample Storage!,belmont,2.4782608695652173
Spacious One Bedroom Available Now !,san jose south,2.4642857142857144
101 San Fernando***Great View***Balcony***San Fernando Views,san jose downtown,3.5496750232126275
Available in our Newest of Six Villages!,san jose south,2.5536193029490617
The Keys to Your New Home Are Waiting. Apply Online Today!,ingleside - SFSU - CCSF,3.5454545454545454
Relocate to Alameda Island!,oakland downtown,2.0
2BR close to everything.. (LEASE TAKE OVER APT. 124),berkeley,4.364569961489089
"Calistoga one bedroom,garage Rare oportunity",napa county,1.625
Huge & Spacious Corner Town Home Available Now - Newly Renovated,tiburon - belvedere,3.6470588235294117
Gorgeous 2 Bedroom with Den!! Take a tour today!!,menlo park,2.9470149253731344
"Near cafes, shops, Cal Train, Garage parking, gym, resort pool",san mateo,3.2130434782608694
101 San Fernando*** 2x2 Townhome**Facing 3rd Street,san jose downtown,2.4978753541076486
"Move In Special! Up to $1000 Off! Beautiful, Gorgeous One Bedroom Apt",cupertino,4.6098901098901095
Carmelita Paradise. Start living the good life!,alamo square - nopa,3.473684210526316
A brand new flat in San Francisco. ,laurel hts - presidio,4.923076923076923
Beautiful Tracy Home!,dublin - pleasanton - livermore,0.8876945885841364
Beautiful Hercules Home!,hercules pinole san pablo el sob,1.3660714285714286
"Large home, lots of living space!",vallejo - benicia,0.9176470588235294
"Close to 101, Lease Today, Washer Dryer",san rafael,3.4323076923076923
"Move-in Now! Perfect Apt for You! Bright, Spacious & Pool View!",belmont,2.586315789473684
New 3 Bed with Attached Garage on the Marina!,redwood city,3.3192090395480225
" Upstairs apt w/UPGRADED kitchen, NEW carpet & paint! Onsite laundry!",san jose downtown,3.0555555555555554
Spacious View Townhouse in Very Quiet Location - OPEN SAT 1-3,castro - upper market,3.0789473684210527
2Br/2Bath Single Story w/attached garage WC $2400,walnut creek,2.0
*.*Large Beautiful Townhouse w/Fireplace Rohnert Park*.*,rohnert pk - cotati,1.3291666666666666
Serene Living in Menlo Park....Beautiful & Spacious 2 BR ready now! ,menlo park,3.1750433275563257
888 San Mateo-Walk to Burlingame Ave! New with A/C & Washer/Dryer!,san mateo,3.3947119924457034
"Corner 3x2 w/ New Carpet, 2-Car Carport & Large Storage Area! ",belmont,2.4782608695652173
"Small 1BDR nr Alameda/Hedding, Upgraded Kitchen! Nice Rose Garden Area",san jose downtown,3.0555555555555554
101 San Fernando *****Great Price for a 1x1 | M/I 10/10/2014,san jose downtown,3.671597633136095
Single Family Home for Rent ,santa clara,2.142857142857143
Lock in the rent control!,ingleside - SFSU - CCSF,3.2961783439490446
Walking distance to Sonoma State University,rohnert pk - cotati,1.3333333333333333
Beautiful Luxury Townhouse,san carlos,2.176470588235294
"NOW AVAILABLE!!! Newly Renovated, Cozy 2 Bdrm, 1 Ba, First Floor",san jose west,3.0344827586206895
Rosegarden neighborhood :: UPGRADED apt :: *On-site laundry*,san jose downtown,3.057777777777778
Spacious View Townhouse in Very Quiet Location - OPEN SAT 1-3,castro - upper market,3.0789473684210527
Commuters Dream... Mins From I 580 & ACE Train..30 Mins From BART!!!!,Tracy Livermore,1.7716165413533835
Walking distance to Sonoma State University,rohnert pk - cotati,1.391304347826087
"2bd/1ba, SPECIAL PRICING-TODAY!!!",rohnert pk - cotati,1.8186695278969958
For All Lifestyles Newly Remodeled Apts,santa rosa,1.6151685393258426
"Be A Part Of Town Home Living Today! Spacious Floor Plan, Must see!",foster city,2.062962962962963
Large kitchen with washer dryer. ,mountain view,3.5304964539007093
Just 1 mile south of the El Camino Real and Woodside Road intersection,redwood city,4.021943573667712
"Walking distance to Shopping, Parks, Schools, Starbucks, Golf, etc....",sunnyvale,3.089430894308943
Convenient Single Story Ready Now! Cats ok! No Pet Rent:),sunnyvale,3.089430894308943
Large Jr 1x1 in Soma at Mosso Apartments Ready for move in NOW!,SOMA - south beach,5.516934046345811
Beautiful Tracy Home!,dublin - pleasanton - livermore,0.8876945885841364
NE SANTA ROSA - 2014 QUEBEC TERRACE,santa rosa,1.2903225806451613
"3 Bed/2.5 Bath Townhouse for Rent - 2,500",novato,1.840942562592047
"2bd/2ba-W/D,Fireplace, Dual Master Suite SPECIAL PRICING TODAY!",rohnert pk - cotati,1.6088709677419355
Updated 4BR/2B Home for rent in Mid Town Palo Alto - $6000/month,palo alto,2.857142857142857
Impressive Corner Unit Condo with Luxury Amenities,san bruno,3.176470588235294
Stainless Steel Appliances Are Available in This 2x2 Residence!,san jose north,2.3814655172413794
"Great LOCATION near Kaiser Hospital::quality, affordable living",santa clara,2.3946666666666667
"Great LOCATION near Kaiser Hospital::quality, affordable living",santa clara,2.3946666666666667
Comfortable Quiet Studio for Rent,excelsior - outer mission,6.0
★★★Top Floor Unit in an Exciting & Accessible Neighborhood,Guerrero-Market,5.161290322580645
Studio,walnut creek,1.8333333333333333
"Contemporary Loft Living Over Looking Albert Field, and Mt. Tam!",san rafael,2.9444444444444446
5485 Bodega Ave,petaluma,1.3
"See This Unit Today!! Large Corner End Unit, Only Pay Electric Bill",foster city,2.745121951219512
Relax in your large one bedroom home!,foster city,3.1883561643835616
"SPACIOUS, UPGRADED STUDIO with LOTS of STORAGE SPACE",santa clara,2.7083333333333335
"LOCATION, LOCATION, LOCATION! Desirable & Spacious",san jose west,2.973684210526316
2-Bedroom/2-Bath Condo Available NOW! Open House This Weekend!,san bruno,3.176470588235294
Walk to Caltrain,san mateo,3.386426592797784
"well maintained, small, quiet, friendly apartment community",,2.975438596491228
Serene and friendly Cambrian Park neighborhood::spacious apt,los gatos,2.973684210526316
NEW! Kitchen & bath NEW! Flooring & light fixtures::Cats Welcome!!,santa clara,2.7351598173515983
Majestic Victorian Liberty Hill,mission district,4.0
"7629 Wells Ave #C, Newark, Avail. 12/27/14",fremont - union city - newark,1.9285714285714286
Make Us Your New Residence! - What Are You Waiting For?,santa rosa,1.6151685393258426
"Large, sunny 4 bedroom house in Peacock Greens",san rafael,1.6129032258064515
LAST DAY FOR FIRST MONTH FREE!! Come check out our renovated units!,santa rosa,2.3322932917316694
"Apply Today! Affordable 1 Bedroom Top Floor Unit, Only Pay PG&E!",foster city,3.212307692307692
"2 Bed 1 Bath, W/D in unit, Central AC!",sunnyvale,2.93048128342246
"Unique & spacious :: Downtown Apt, Nr Transportation/Everything!",san jose downtown,2.6
VIEW 2 BED 2 BATH CONDO! 1 CAR PARKING! PATIO! DAWN CUSULOS *by AMSI,SOMA - south beach,3.923278116826504
"1705 164th Avenue, San Leandro, Avail. 1/10/15",san leandro,1.588235294117647
"708 Chavel Court, Fremont, Avail.NOW Ext.43",fremont - union city - newark,1.231578947368421
"465 Nassau Lane, Hayward, Avail. 12/13",hayward - castro valley,1.8584070796460177
Limited Inventory - Be The First To Move Into Our Brand New Apartments,tiburon - belvedere,5.042016806722689
Downtown SJ! :: Elegant-Large-Modernized :: Near Everything!,san jose downtown,2.6013333333333333
Modern Dwntwn Apt :: Elegant &Affordable :: near transportation!,san jose downtown,2.6
Urban Lux Vibe apt :: Stunning spacious living :: Garage Parking!,san jose downtown,3.0
Great price on a 3 bedroom!,ingleside - SFSU - CCSF,3.1337630942788075
Corner studio/bay windows/walk in closet/available now,downtown - civic - van ness,4.198333333333333
"40884 Blacow Road, Fremont, Avail. NOW",fremont - union city - newark,1.7994858611825193
Two Weeks Free Rent! Move In By Next Friday! ,napa county,1.8478260869565217
All your needs in the heart of Petaluma!,petaluma,1.7616731517509727
OPEN HOUSE SATURDAY 11/15 1-3PM NEWLY REMODELED 2 BEDROOM DUPLEX ,burlingame,2.9954545454545456
"Walk to park, school and water's edge!",foster city,3.449438202247191
Cozy One Bedroom with Gorgeous Water View Available!,redwood shores,3.963235294117647
Quiet & private::Modern style apt::LUX features:: Parking included!,san jose downtown,2.5505857294994674
RENOVATED 1116 SQ FT COMING SOON!!!!,san jose downtown,2.5582437275985663
"Lafayette - 2BR/2BA - large, sunny, walk to BART",lafayette - orinda - moraga,1.5833333333333333
WOW...Affordable Luxury Living...One & Two Bedrooms Available Now!! ,Tracy,1.937669376693767
3BED 2BATH HOUSE IN CLEARLAKE,lake county,0.8275862068965517
"Lakeport, 2 Bed, 1.5 Ba, Huge Apt, (1000SF) Walk to town and lake",lake county,0.85
Spacious remodeled home,los altos,2.5312183597705027
"Fitness, Pools, Spa, Sauna, Private bike lockers, Spacious floor plans",mountain view,3.0797872340425534
MOVE IN SPECIAL for a Beautiful 2Bd 1Bth,san mateo,2.6923076923076925
Newly remodeled! Comfortable living::storage & parking,santa clara,2.7340182648401825
Bright and spacious*Townhome*Washer/dryer**Lux Urban Vibe!,san jose downtown,2.455737704918033
Completely Remodeled Martinez Home For Rent,concord - pleasant hill - martinez,1.4676470588235293
updated Antioch house at very convenient location,pittsburg - antioch,1.0187224669603525
PHENOMENAL 5BDRM NAPA ESTATE AMIDST 13 ACRES OF VINEYARD PROPERTY ,napa county,1.4285714285714286
Large 2 bed 2 bath condo with large balcony,redwood city,2.0036764705882355
Exlarge 1 Bedroom/ /CLOSE TO DOWNTOWN,redwood city,2.5625
Mtn. View Condo for Lease,mountain view,2.9069767441860463
SPECIALS!! NO APP FEE PLUS $500 OFF MOVE IN near Downtown Morgan Hill,morgan hill,2.533523537803138
2x2.5 ready for immediate move-in with amazing Specials Available! Cal,sunnyvale,2.462825278810409
2BR CONDO IN THE HAIGHT - OPEN HOUSE SUN 11/16 11AM-12PM ,haight ashbury,5.0
637 Powell St. #202 | Open Sun 11/16 12:30-1:30p,downtown - civic - van ness,2.830188679245283
"Come take a look, See if this is what you want!",emeryville,2.5298988040478383
"High ceilings! 1 bed/1bath, third floor, garage,patio,washer/dryer",dublin - pleasanton - livermore,2.7551867219917012
REMODELED 4BDRM + BONUS RM 3BA AMERICAN CANYON HOME WITH LARGE YARD ,napa county,1.1
LIGHT & BRIGHT 3BEDROOM REMODELED NORTH NAPA HOME,napa county,1.3
Downtown New FLOORING/ NEW APPLIANCES/ POOL / LARGE PRIVATE BALCONY ,san mateo,3.0067567567567566
Mountain View Townhouse 3 BR / 2.5 BA,mountain view,2.4705882352941178
A Must See! Fantastic Location! Beautiful Two Bedroom Apt Home!,morgan hill,2.4805771365149836
"Bike Lockers, Seven Pools, & More at This One-Bedroom Apt!",cupertino,3.0949367088607596
Sunny Top Floor Loft With 1 1/2 Baths. Natoma @ 11th. ,SOMA - south beach,4.685714285714286
Sunny Bright /Near Glen Park Bart/ $2635,glen park,2.9277777777777776
Pleasanton Townhouse,dublin - pleasanton - livermore,1.9545454545454546
"Beautiful 2x2, Extra Closet, Hardwood Floor, Washer&Dryer, READY NOW!!",walnut creek,1.9083333333333334
Upgraded 1 bedroom in Fremont! Get $500 move in bonus!,fremont - union city - newark,2.7615384615384615
4 Bedroom / 2 Bath in Vacaville ,fairfield - vacaville,1.2012987012987013
Redwood Park Apartment Homes,santa rosa,1.7131696428571428
1 bedroom (could be 2) - Extremely large apt across the creek from Palo Alto but,menlo park,2.03125
"Exceptional, newer, stunning executive housing - amazing",palo alto,2.985074626865672
Extremely large 1 bedroom (or could be 2 bedroom) apt across the creek from Palo,menlo park,2.03125
Platinum Location! Excellent School! Pergo Floor,san jose west,2.7609756097560973
Enjoy the Fall Weather in your newly Bright & Airy Apartment!,san jose south,2.57847533632287
Best Rate for a 2 Bedroom Ground Floor for Immediate Move-In,san jose north,2.1849865951742626
LIVE at TIBURON -Everyday is a STAYCATION !,Tiburon ,2.9525862068965516
TWO BEDROOM TWO BATH PLUS YARD,Tiburon ,3.060344827586207
Spacious & Beautiful Two-Story 5 Bed/ 3 Bath Home in Richmond ,richmond - point - annex,0.9484066767830045
"Sophistication & Comfort, Great Amenities, Neighborhood You Want!",hayward - castro valley,1.995
Come Home to the Redwoods,santa rosa,1.7131696428571428
Super Spacious 2br/2ba in Sunny Terra Linda,san rafael,2.081218274111675
"Fresh air, Nature, View, , Balcony, Bright & Spacious, 2bd/1bth",mountain view,3.2600502512562812
"SPACIOUS HOME! NEW APPLIANCES, Central A/C! Park-like View!",sunnyvale,2.671818181818182
"Love Where You Live! Luxurious 2br2ba with Stainless Steel, W/D & AC!",santa clara,2.908421052631579
San Jose remodeled house all appliances included w/d security system ,san jose east,2.3636363636363638
Great bay views,russian hill,3.885480572597137
Waterfront Open Floorplan in Discovery Bay!,brentwood - oakley,1.16227089852481
CLOSE TO BEACH ! BART ! FERRY ! SHOPPING,alameda,2.413793103448276
Traditional Novato Home with Mediterranean Accents,novato,1.5687250996015936
Beautiful 4 Bed & 2.5 Bath Home Ready Now!,foster city,1.9082125603864735
"AMAZING WIDE WATER VIEWS | Resort Living | Private Dock | Pool, Spa",san mateo,2.954301075268817
Charming Home in Historic Saratoga Village and Schools,saratoga,1.8800358102059087
Great Unit - 2Br 2Ba - First Floor -Call Now !! ,sunnyvale,2.721590909090909
"When expectation meets reality , Park Kiely ",san jose west,3.952808988764045
"STUDIO, Tour, Friday, Nov. 14, 4:00 pm ",512 Van Ness Avenue Steps to Hayes Valley,5.140186915887851
SPRAWLING 5 BED 2.5 BATH COMING SOON IN BRENTWOOD!!,brentwood - oakley,0.7614986293024673
Country Club Living in Beautiful Discovery Bay!!,brentwood - oakley,1.0015060240963856
Spacious Sausalito Duplex with Bay Views!,sausalito,2.6333333333333333
Stunning Views From This Updated Sausalito Home,sausalito,3.6458333333333335
DOWNTOWN ALL NEW FLOORING/ ALL NEW APPLIANCES/ GRANITE ,san mateo,3.0067567567567566
"This 2x1 Home Is near Facebook, Google, & Other Area Employers",mountain view,3.620879120879121
All New Gourmet Kithchen/ Granite/ Palm Trees/ Pool/ Huge Balcony ,san mateo,3.0067567567567566
Don't be left behind & reserve What's In Style for January Move In!,san jose downtown,2.782863849765258
2BR*LUXURY APARTMENTS*Beautiful Empire**AVAILABLE NOW!!!!!,san jose west,2.263207547169811
Beautiful corner apartments with amazing city view!,SOMA - south beach,3.6249045072574484
GREAT ONE STORY 3 BED 2 BATH HOME NOW AVAILABLE IN OAKLEY,brentwood - oakley,1.3644140290846878
A Unique Two Bedroom Layout! Very Open and Inviting!,vallejo - benicia,1.7602905569007263
3/2 newer home!ready now!,fairfield - vacaville,1.2
Walking Distance to Gourmet Dining & Fine Shops,santa rosa,1.8990228013029316
Fantastic 1 Bedroom awaits you in Beautiful Menlo Park!,menlo park,3.4975308641975307
"Large Two Bedroom! Walk-in Closet, Washer & Dryer! Great Special Too! ",milpitas,2.575354609929078
"☑☎1 month free on this brand new, never lived in apartment☎ ",san jose north,2.64272030651341
Love Where You Live! Downstairs Studio On SPECIAL!!! !,campbell,3.388888888888889
Hurry in today,dublin - pleasanton - livermore,2.3438556933483654
Fantastic home in desirable Vineyard Terrace,dublin - pleasanton - livermore,1.7831031681559708
One Month Free! Two Bedroom! Great Location!,emeryville,3.0714285714285716
Must go - Private Mt. Tam view condo ready to move in !,greenbrae,2.7777777777777777
Dominican Home w/ Hot Tub!,san rafael,2.6666666666666665
Pleasanton Home for Rent,dublin - pleasanton - livermore,1.5248796147672552
Homestead Valley & Almonte Area of Mill Valley Home! --PRANDI,mill valley,2.886977886977887
Quaint Sausalito 2 Bedroom Cottage Available! --PRANDI,sausalito,3.089598352214212
Beautiful Condo with Panoramic Bay Views from Hills to East Bay!,sausalito,2.693877551020408
Fabulous Top Floor 1x1 in Historic Downtown!,novato,2.522421524663677
Classic 1br x 1Bath w/ large patio and great location!,201 Avian Dr.,1.4714285714285715
Recently renovated One Bedroom Apartment,santa rosa,1.910569105691057
